Tanggal,Waktu,Username,Role
2026-09-08,10:21:16,User,USER
2026-09-08,10:21:27,hira,ADMIN
2026-09-08,15:06:25,Admin,ADMIN
2026-09-08,15:16:15,Admin,ADMIN
2026-09-09,07:59:21,Admin,ADMIN
2026-09-09,14:15:30,Admin,ADMIN
2026-09-09,14:15:59,User,USER
2026-09-09,14:21:08,Admin,ADMIN
2026-09-09,14:21:18,User,USER
2026-09-09,14:22:50,Admin,ADMIN
2026-09-09,14:22:54,User,USER
2026-09-09,14:54:04,Admin,ADMIN
2026-09-09,14:54:12,User,USER
2026-09-09,14:57:29,Admin,ADMIN
2026-09-09,14:57:35,User,USER
2026-09-09,15:01:02,Admin,ADMIN
2026-09-09,15:01:11,User,USER
2026-09-09,15:06:45,Admin,ADMIN
2026-09-09,15:06:51,User,USER
2026-09-09,15:07:43,Admin,ADMIN
2026-09-09,15:07:51,User,USER
2026-09-09,15:15:02,Admin,ADMIN
2026-09-09,15:15:08,User,USER
2026-09-09,15:16:09,Admin,ADMIN
2026-09-09,15:16:16,User,USER
2026-09-09,15:16:33,Admin,ADMIN
2026-09-09,15:32:09,Admin,ADMIN
2026-09-09,15:32:29,User,USER
2026-09-09,15:32:42,Admin,ADMIN
2026-09-10,12:38:03,Admin,ADMIN
2026-09-10,12:38:44,Admin,ADMIN
2026-09-10,12:42:00,Admin,ADMIN
2026-09-11,05:57:35,Admin,ADMIN
2026-09-11,06:12:01,Admin,ADMIN
2026-09-11,07:32:03,Admin,ADMIN
2026-09-11,08:37:53,Admin,ADMIN
2026-09-11,21:07:09,Admin,ADMIN
2026-09-11,21:08:58,Admin,ADMIN
2026-09-13,10:56:38,Admin,ADMIN
2026-09-13,14:07:22,Admin,ADMIN
2026-09-13,14:11:24,Admin,ADMIN
2026-09-13,14:17:02,Admin,ADMIN
2026-09-14,07:50:09,Admin,ADMIN
2026-09-14,08:32:15,Admin,ADMIN
2026-09-14,08:36:28,Admin,ADMIN
2026-09-14,08:40:24,Admin,ADMIN
2026-09-14,08:43:41,Admin,ADMIN
2026-09-14,08:43:46,Admin,ADMIN
2026-09-14,08:43:53,Admin,ADMIN
2026-09-14,08:43:59,Admin,ADMIN
2026-09-14,08:45:30,Admin,ADMIN
2026-09-14,08:48:04,Admin,ADMIN
2026-09-14,08:48:09,Admin,ADMIN
2026-09-14,08:48:16,Admin,ADMIN
2026-09-14,08:48:23,Admin,ADMIN
2026-09-14,08:51:33,Admin,ADMIN
2026-09-14,08:51:39,Admin,ADMIN
2026-09-14,08:51:45,Admin,ADMIN
2026-09-14,08:51:51,Admin,ADMIN
2026-09-14,09:05:22,Admin,ADMIN
2026-09-14,09:05:27,Admin,ADMIN
2026-09-14,09:05:34,Admin,ADMIN
2026-09-14,09:05:41,Admin,ADMIN
2026-09-14,09:05:46,Admin,ADMIN
2026-09-14,09:09:03,Admin,ADMIN
2026-09-14,09:14:19,Admin,ADMIN
2026-09-14,09:14:24,Admin,ADMIN
2026-09-14,09:14:30,Admin,ADMIN
2026-09-14,09:14:35,Admin,ADMIN
2026-09-14,09:14:43,Admin,ADMIN
2026-09-14,09:14:48,Admin,ADMIN
2026-09-14,09:15:10,Admin,ADMIN
2026-09-14,09:15:17,Admin,ADMIN
2026-09-14,09:15:24,Admin,ADMIN
2026-09-14,09:15:30,Admin,ADMIN
2026-09-14,09:15:37,Admin,ADMIN
2026-09-14,09:22:53,Admin,ADMIN
2026-09-14,09:22:59,Admin,ADMIN
2026-09-14,09:23:05,Admin,ADMIN
2026-09-14,09:23:10,Admin,ADMIN
2026-09-14,09:23:18,Admin,ADMIN
2026-09-14,09:23:24,Admin,ADMIN
2026-09-14,09:23:31,Admin,ADMIN
2026-09-14,09:23:39,Admin,ADMIN
2026-09-14,09:23:46,Admin,ADMIN
2026-09-14,09:23:53,Admin,ADMIN
2026-09-14,09:24:00,Admin,ADMIN
2026-09-14,09:34:34,Admin,ADMIN
2026-09-14,09:34:39,Admin,ADMIN
2026-09-14,09:34:46,Admin,ADMIN
2026-09-14,09:34:52,Admin,ADMIN
2026-09-14,09:35:00,Admin,ADMIN
2026-09-14,09:35:05,Admin,ADMIN
2026-09-14,09:35:11,Admin,ADMIN
2026-09-14,09:35:17,Admin,ADMIN
2026-09-14,09:35:25,Admin,ADMIN
2026-09-14,09:35:32,Admin,ADMIN
2026-09-14,09:35:41,Admin,ADMIN
2026-09-14,09:51:46,Admin,ADMIN
2026-09-14,10:02:53,Admin,ADMIN
2026-09-14,10:03:04,Admin,ADMIN
2026-09-14,10:03:14,Admin,ADMIN
2026-09-14,10:03:30,Admin,ADMIN
2026-09-14,10:03:40,Admin,ADMIN
2026-09-14,10:07:19,Admin,ADMIN
2026-09-14,10:07:26,Admin,ADMIN
2026-09-14,10:07:34,Admin,ADMIN
2026-09-14,10:07:42,Admin,ADMIN
2026-09-14,10:07:50,Admin,ADMIN
2026-09-14,10:09:51,Admin,ADMIN
2026-09-14,10:10:00,Admin,ADMIN
2026-09-14,10:10:11,Admin,ADMIN
2026-09-14,10:10:20,Admin,ADMIN
2026-09-14,10:10:28,Admin,ADMIN
2026-09-14,10:10:36,Admin,ADMIN
2026-09-14,10:10:44,Admin,ADMIN
2026-09-14,10:10:52,Admin,ADMIN
2026-09-14,10:11:16,Admin,ADMIN
2026-09-14,10:11:23,Admin,ADMIN
2026-09-14,10:11:31,Admin,ADMIN
2026-09-14,10:11:39,Admin,ADMIN
2026-09-14,10:11:47,Admin,ADMIN
2026-09-14,10:11:55,Admin,ADMIN
2026-09-14,10:12:03,Admin,ADMIN
2026-09-14,10:12:18,Admin,ADMIN
2026-09-14,10:26:41,Admin,ADMIN
2026-09-14,10:26:51,Admin,ADMIN
2026-09-14,10:26:59,Admin,ADMIN
2026-09-14,10:27:07,Admin,ADMIN
2026-09-14,10:27:15,Admin,ADMIN
2026-09-14,10:27:23,Admin,ADMIN
2026-09-14,10:27:30,Admin,ADMIN
2026-09-14,10:27:37,Admin,ADMIN
2026-09-14,10:27:45,Admin,ADMIN
2026-09-14,10:27:52,Admin,ADMIN
2026-09-14,10:28:00,Admin,ADMIN
2026-09-14,10:28:08,Admin,ADMIN
2026-09-14,10:28:15,Admin,ADMIN
2026-09-14,10:28:23,Admin,ADMIN
2026-09-14,10:28:31,Admin,ADMIN
2026-09-14,10:28:39,Admin,ADMIN
2026-09-14,10:34:35,Admin,ADMIN
2026-09-14,10:40:46,Admin,ADMIN
2026-09-14,10:42:47,Admin,ADMIN
2026-09-14,10:52:10,Admin,ADMIN
2026-09-14,10:52:22,Admin,ADMIN
2026-09-14,10:52:28,Admin,ADMIN
2026-09-14,10:52:36,Admin,ADMIN
2026-09-14,10:52:48,Admin,ADMIN
2026-09-14,10:53:00,Admin,ADMIN
2026-09-14,10:53:12,Admin,ADMIN
2026-09-14,10:53:23,Admin,ADMIN
2026-09-14,11:14:19,Admin,ADMIN
2026-09-14,11:14:34,Admin,ADMIN
2026-09-14,11:14:43,Admin,ADMIN
2026-09-14,11:14:50,Admin,ADMIN
2026-09-14,11:14:58,Admin,ADMIN
2026-09-14,11:15:06,Admin,ADMIN
2026-09-14,11:15:13,Admin,ADMIN
2026-09-14,11:15:21,Admin,ADMIN
2026-09-14,11:15:29,Admin,ADMIN
2026-09-14,11:15:41,Admin,ADMIN
2026-09-14,11:15:51,Admin,ADMIN
2026-09-14,11:16:01,Admin,ADMIN
2026-09-14,11:16:12,Admin,ADMIN
2026-09-14,11:16:27,Admin,ADMIN
2026-09-14,11:16:42,Admin,ADMIN
2026-09-14,11:16:57,Admin,ADMIN
2026-09-14,11:17:17,Admin,ADMIN
2026-09-14,11:17:31,Admin,ADMIN
2026-09-14,11:17:43,Admin,ADMIN
2026-09-14,11:24:04,Admin,ADMIN
2026-09-14,11:24:14,Admin,ADMIN
2026-09-14,11:24:26,Admin,ADMIN
2026-09-14,11:24:36,Admin,ADMIN
2026-09-14,11:24:47,Admin,ADMIN
2026-09-14,11:24:57,Admin,ADMIN
2026-09-14,11:25:08,Admin,ADMIN
2026-09-14,11:25:18,Admin,ADMIN
2026-09-14,11:25:29,Admin,ADMIN
2026-09-14,11:25:43,Admin,ADMIN
2026-09-14,11:25:54,Admin,ADMIN
2026-09-14,11:26:07,Admin,ADMIN
2026-09-14,11:26:20,Admin,ADMIN
2026-09-14,11:26:33,Admin,ADMIN
2026-09-14,11:26:47,Admin,ADMIN
2026-09-14,11:27:02,Admin,ADMIN
2026-09-14,11:27:22,Admin,ADMIN
2026-09-14,11:27:37,Admin,ADMIN
2026-09-14,11:27:52,Admin,ADMIN
2026-09-14,11:30:55,Admin,ADMIN
2026-09-14,11:31:06,Admin,ADMIN
2026-09-14,11:31:13,Admin,ADMIN
2026-09-14,11:31:21,Admin,ADMIN
2026-09-14,11:31:27,Admin,ADMIN
2026-09-14,11:31:34,Admin,ADMIN
2026-09-14,11:31:43,Admin,ADMIN
2026-09-14,11:31:51,Admin,ADMIN
2026-09-14,11:32:00,Admin,ADMIN
2026-09-14,11:32:11,Admin,ADMIN
2026-09-14,11:32:21,Admin,ADMIN
2026-09-14,11:32:38,Admin,ADMIN
2026-09-14,11:32:54,Admin,ADMIN
2026-09-14,11:33:09,Admin,ADMIN
2026-09-14,11:33:23,Admin,ADMIN
2026-09-14,11:33:38,Admin,ADMIN
2026-09-14,11:33:54,Admin,ADMIN
2026-09-14,11:34:05,Admin,ADMIN
2026-09-14,11:34:15,Admin,ADMIN
2026-09-14,11:39:18,Admin,ADMIN
2026-09-14,11:39:29,Admin,ADMIN
2026-09-14,11:39:36,Admin,ADMIN
2026-09-14,11:39:43,Admin,ADMIN
2026-09-14,11:39:50,Admin,ADMIN
2026-09-14,11:39:58,Admin,ADMIN
2026-09-14,11:40:05,Admin,ADMIN
2026-09-14,11:40:12,Admin,ADMIN
2026-09-14,11:40:20,Admin,ADMIN
2026-09-14,11:40:30,Admin,ADMIN
2026-09-14,11:40:42,Admin,ADMIN
2026-09-14,11:40:53,Admin,ADMIN
2026-09-14,11:41:08,Admin,ADMIN
2026-09-14,11:41:23,Admin,ADMIN
2026-09-14,11:41:39,Admin,ADMIN
2026-09-14,11:41:51,Admin,ADMIN
2026-09-14,11:42:02,Admin,ADMIN
2026-09-14,11:42:13,Admin,ADMIN
2026-09-14,11:42:25,Admin,ADMIN
2026-09-14,11:54:21,Admin,ADMIN
2026-09-14,11:57:09,Admin,ADMIN
2026-09-14,11:57:16,Admin,ADMIN
2026-09-14,11:57:25,Admin,ADMIN
2026-09-14,11:57:34,Admin,ADMIN
2026-09-14,11:57:41,Admin,ADMIN
2026-09-14,11:57:48,Admin,ADMIN
2026-09-14,11:57:55,Admin,ADMIN
2026-09-14,11:58:02,Admin,ADMIN
2026-09-14,11:58:09,Admin,ADMIN
2026-09-14,11:58:18,Admin,ADMIN
2026-09-14,11:58:24,Admin,ADMIN
2026-09-14,11:58:38,Admin,ADMIN
2026-09-14,11:58:45,Admin,ADMIN
2026-09-14,11:58:51,Admin,ADMIN
2026-09-14,11:58:59,Admin,ADMIN
2026-09-14,11:59:22,Admin,ADMIN
2026-09-14,11:59:46,Admin,ADMIN
2026-09-14,12:00:08,Admin,ADMIN
2026-09-14,12:00:22,Admin,ADMIN
2026-09-14,12:00:44,Admin,ADMIN
2026-09-14,12:01:06,Admin,ADMIN
2026-09-14,12:01:30,Admin,ADMIN
2026-09-14,12:01:38,Admin,ADMIN
2026-09-14,12:01:46,Admin,ADMIN
2026-09-14,14:08:48,Admin,ADMIN
2026-09-14,14:08:55,Admin,ADMIN
2026-09-14,14:09:02,Admin,ADMIN
2026-09-14,14:09:09,Admin,ADMIN
2026-09-14,14:09:16,Admin,ADMIN
2026-09-14,14:09:23,Admin,ADMIN
2026-09-14,14:09:29,Admin,ADMIN
2026-09-14,14:09:36,Admin,ADMIN
2026-09-14,14:09:42,Admin,ADMIN
2026-09-14,14:09:48,Admin,ADMIN
2026-09-14,14:09:54,Admin,ADMIN
2026-09-14,14:10:08,Admin,ADMIN
2026-09-14,14:10:15,Admin,ADMIN
2026-09-14,14:10:22,Admin,ADMIN
2026-09-14,14:10:29,Admin,ADMIN
2026-09-14,14:10:52,Admin,ADMIN
2026-09-14,14:11:15,Admin,ADMIN
2026-09-14,14:11:41,Admin,ADMIN
2026-09-14,14:11:52,Admin,ADMIN
2026-09-14,14:12:01,Admin,ADMIN
2026-09-14,14:12:11,Admin,ADMIN
2026-09-14,14:12:22,Admin,ADMIN
2026-09-14,14:12:31,Admin,ADMIN
2026-09-14,14:12:40,Admin,ADMIN
2026-09-14,14:28:59,Admin,ADMIN
2026-09-14,14:29:10,Admin,ADMIN
2026-09-14,14:29:17,Admin,ADMIN
2026-09-14,14:29:24,Admin,ADMIN
2026-09-14,14:29:31,Admin,ADMIN
2026-09-14,14:29:37,Admin,ADMIN
2026-09-14,14:29:44,Admin,ADMIN
2026-09-14,14:29:51,Admin,ADMIN
2026-09-14,14:29:57,Admin,ADMIN
2026-09-14,14:30:07,Admin,ADMIN
2026-09-14,14:30:16,Admin,ADMIN
2026-09-14,14:30:32,Admin,ADMIN
2026-09-14,14:30:42,Admin,ADMIN
2026-09-14,14:30:50,Admin,ADMIN
2026-09-14,14:31:00,Admin,ADMIN
2026-09-14,14:31:25,Admin,ADMIN
2026-09-14,14:31:50,Admin,ADMIN
2026-09-14,14:32:14,Admin,ADMIN
2026-09-14,14:32:22,Admin,ADMIN
2026-09-14,14:32:30,Admin,ADMIN
2026-09-14,14:32:37,Admin,ADMIN
2026-09-14,14:32:45,Admin,ADMIN
2026-09-14,14:32:52,Admin,ADMIN
2026-09-14,14:32:59,Admin,ADMIN
2026-09-14,14:36:14,Admin,ADMIN
2026-09-14,14:46:17,Admin,ADMIN
2026-09-14,14:47:47,Admin,ADMIN
2026-09-14,14:49:55,Admin,ADMIN
2026-09-14,14:52:12,Admin,ADMIN
2026-09-14,14:55:46,Admin,ADMIN
2026-09-14,15:00:23,Admin,ADMIN
2026-09-14,15:04:19,Admin,ADMIN
2026-09-14,15:08:05,Admin,ADMIN
2026-09-14,15:10:28,Admin,ADMIN
2026-09-14,15:12:23,Admin,ADMIN
2026-09-14,15:13:39,Admin,ADMIN
2026-09-14,15:14:01,Admin,ADMIN
2026-09-14,15:14:20,Admin,ADMIN
2026-09-14,15:20:32,Admin,ADMIN
2026-09-14,15:22:33,Admin,ADMIN
2026-09-14,15:31:59,Admin,ADMIN
2026-09-14,15:33:56,Admin,ADMIN
2026-09-14,15:35:25,Admin,ADMIN
2026-09-14,15:50:30,Admin,ADMIN
2026-09-14,15:52:00,Admin,ADMIN
2026-09-14,16:07:07,Admin,ADMIN
2026-09-14,16:07:19,Admin,ADMIN
2026-09-14,16:07:26,Admin,ADMIN
2026-09-14,16:07:32,Admin,ADMIN
2026-09-14,16:07:39,Admin,ADMIN
2026-09-14,16:07:46,Admin,ADMIN
2026-09-14,16:07:53,Admin,ADMIN
2026-09-14,16:08:00,Admin,ADMIN
2026-09-14,16:08:07,Admin,ADMIN
2026-09-14,16:08:14,Admin,ADMIN
2026-09-14,16:08:21,Admin,ADMIN
2026-09-14,16:08:28,Admin,ADMIN
2026-09-14,16:08:35,Admin,ADMIN
2026-09-14,16:08:42,Admin,ADMIN
2026-09-14,16:08:49,Admin,ADMIN
2026-09-14,16:08:57,Admin,ADMIN
2026-09-14,16:09:05,Admin,ADMIN
2026-09-14,16:09:13,Admin,ADMIN
2026-09-14,16:09:21,Admin,ADMIN
2026-09-14,16:09:30,Admin,ADMIN
2026-09-14,16:09:38,Admin,ADMIN
2026-09-14,16:09:58,Admin,ADMIN
2026-09-14,16:10:05,Admin,ADMIN
2026-09-14,16:10:12,Admin,ADMIN
2026-09-14,16:20:48,Admin,ADMIN
2026-09-14,16:29:30,Admin,ADMIN
2026-09-14,16:32:00,Admin,ADMIN
2026-09-14,16:43:59,Admin,ADMIN
2026-09-14,16:44:10,Admin,ADMIN
2026-09-14,16:44:17,Admin,ADMIN
2026-09-14,16:44:24,Admin,ADMIN
2026-09-14,16:44:31,Admin,ADMIN
2026-09-14,16:44:38,Admin,ADMIN
2026-09-14,16:44:46,Admin,ADMIN
2026-09-14,16:44:53,Admin,ADMIN
2026-09-14,16:44:59,Admin,ADMIN
2026-09-14,16:45:06,Admin,ADMIN
2026-09-14,16:45:13,Admin,ADMIN
2026-09-14,16:45:20,Admin,ADMIN
2026-09-14,16:45:28,Admin,ADMIN
2026-09-14,16:45:35,Admin,ADMIN
2026-09-14,16:45:45,Admin,ADMIN
2026-09-14,16:45:54,Admin,ADMIN
2026-09-14,16:46:02,Admin,ADMIN
2026-09-14,16:46:10,Admin,ADMIN
2026-09-14,16:46:33,Admin,ADMIN
2026-09-14,16:46:57,Admin,ADMIN
2026-09-14,16:47:21,Admin,ADMIN
2026-09-14,16:47:29,Admin,ADMIN
2026-09-14,16:47:36,Admin,ADMIN
2026-09-14,16:47:43,Admin,ADMIN
2026-09-14,16:47:49,Admin,ADMIN
2026-09-14,16:47:56,Admin,ADMIN
2026-09-14,16:50:16,Admin,ADMIN
2026-09-14,16:50:25,Admin,ADMIN
2026-09-14,16:50:32,Admin,ADMIN
2026-09-14,16:50:40,Admin,ADMIN
2026-09-14,16:50:46,Admin,ADMIN
2026-09-14,16:50:53,Admin,ADMIN
2026-09-14,16:51:00,Admin,ADMIN
2026-09-14,16:51:07,Admin,ADMIN
2026-09-14,16:51:14,Admin,ADMIN
2026-09-14,16:51:21,Admin,ADMIN
2026-09-14,16:51:28,Admin,ADMIN
2026-09-14,16:51:35,Admin,ADMIN
2026-09-14,16:51:42,Admin,ADMIN
2026-09-14,16:51:49,Admin,ADMIN
2026-09-14,16:51:57,Admin,ADMIN
2026-09-14,16:52:04,Admin,ADMIN
2026-09-14,16:52:13,Admin,ADMIN
2026-09-14,16:52:21,Admin,ADMIN
2026-09-14,16:52:45,Admin,ADMIN
2026-09-14,16:53:09,Admin,ADMIN
2026-09-14,16:53:32,Admin,ADMIN
2026-09-14,16:53:40,Admin,ADMIN
2026-09-14,16:53:47,Admin,ADMIN
2026-09-14,16:55:56,Admin,ADMIN
2026-09-14,16:56:06,Admin,ADMIN
2026-09-14,16:56:14,Admin,ADMIN
2026-09-14,16:56:21,Admin,ADMIN
2026-09-14,16:56:28,Admin,ADMIN
2026-09-14,16:56:35,Admin,ADMIN
2026-09-14,16:56:42,Admin,ADMIN
2026-09-14,16:56:49,Admin,ADMIN
2026-09-14,16:56:55,Admin,ADMIN
2026-09-14,16:57:02,Admin,ADMIN
2026-09-14,16:57:11,Admin,ADMIN
2026-09-14,16:57:21,Admin,ADMIN
2026-09-14,16:57:30,Admin,ADMIN
2026-09-14,16:57:39,Admin,ADMIN
2026-09-14,16:57:49,Admin,ADMIN
2026-09-14,16:57:59,Admin,ADMIN
2026-09-14,16:58:09,Admin,ADMIN
2026-09-14,16:58:19,Admin,ADMIN
2026-09-14,16:58:45,Admin,ADMIN
2026-09-14,16:59:11,Admin,ADMIN
2026-09-14,16:59:38,Admin,ADMIN
2026-09-14,16:59:50,Admin,ADMIN
2026-09-14,17:00:00,Admin,ADMIN
